barcode,series,control
216921,A10158,118
216958,A10158,42
216862,A10158,46
216938,A10158,5
216963,A10158,80
186993,A1066,A45/2/5/4
187001,A1066,A45/2/6/7
187021,A1066,A45/3/1/1
187171,A1066,E45/1/20
187181,A1066,E45/1/30
187244,A1066,E45/11/7
187369,A1066,E45/19/17
187357,A1066,E45/19/5
187402,A1066,E45/24/7
187433,A1066,E45/28/7
187492,A1066,E45/33/22
187537,A1066,E45/33/68
187188,A1066,E45/4/4
187581,A1066,ER45/1/5
187582,A1066,ER45/1/6
187599,A1066,ER45/2/3/2
187781,A1066,ER45/6/12
188118,A1066,H45/1013/1/9
188194,A1066,H45/1013/2/2/2
188220,A1066,H45/1014
188222,A1066,H45/1014/2
188226,A1066,H45/1015
188240,A1066,H45/1015/11
188241,A1066,H45/1015/12
188243,A1066,H45/1016/4
188244,A1066,H45/1016/4/1
188245,A1066,H45/1016/5
188247,A1066,H45/1016/5/2
187894,A1066,H45/453/2
187899,A1066,H45/461/1
187953,A1066,H45/580/6/4
187979,A1066,H45/703/1/2
187995,A1066,H45/765
188011,A1066,H45/771
188012,A1066,H45/771/1
188014,A1066,H45/771/3
188015,A1066,H45/771/4
188022,A1066,H45/772
188032,A1066,H45/777/2
188039,A1066,H45/777/4/3
188045,A1066,H45/779/3
188046,A1066,H45/780
246803,A1066,IC45/15/23/1
188941,A1066,IC45/28/7/1
188944,A1066,IC45/28/7/4
12096744,A1066,IC45/6/2/1
189650,A1066,IC45/64/3/1
189656,A1066,IC45/64/8/1
190020,A1066,M45/21/6
190025,A1066,M45/24/2
189964,A1066,M45/9/23
190051,A1066,P45/10/1/1
190052,A1066,P45/10/1/2
190058,A1066,P45/10/33
190059,A1066,P45/10/33/1
190060,A1066,P45/10/33/2
12096745,A1066,P45/10/40
190166,A1066,P45/144/1
190167,A1066,P45/148/1
190178,A1066,P45/152/2
1886556,A1066,P45/153/2
190187,A1066,P45/153/5
190084,A1066,P45/49/1
190946,A1067,A46/11/3/1
190955,A1067,A46/13/3/2
190974,A1067,A46/14/3/1
190867,A1067,A46/2/3/3
190871,A1067,A46/2/3/7
190887,A1067,A46/2/4/10
190985,A1067,E46/1/3
190988,A1067,E46/1/6
191072,A1067,E46/15/18
191060,A1067,E46/15/7
191100,A1067,E46/16/12
191105,A1067,E46/19/1
191128,A1067,E46/25/3
190997,A1067,E46/3/7
191209,A1067,E46/38/14
191223,A1067,E46/38/28
191202,A1067,E46/38/7
191204,A1067,E46/38/9
191237,A1067,ER46/1/10
191227,A1067,ER46/1/2
191253,A1067,ER46/1/27
191254,A1067,ER46/1/28
191236,A1067,ER46/1/9
191397,A1067,ER46/10/15
191401,A1067,ER46/10/19
191384,A1067,ER46/10/2
191422,A1067,ER46/13/1
191452,A1067,ER46/13/12
191453,A1067,ER46/13/13/1
191460,A1067,ER46/13/15
191462,A1067,ER46/13/17
191466,A1067,ER46/13/19/1
191467,A1067,ER46/13/19/2
191423,A1067,ER46/13/2/1
191425,A1067,ER46/13/2/3
191429,A1067,ER46/13/2/7
191468,A1067,ER46/13/20
191469,A1067,ER46/13/21
191470,A1067,ER46/13/22
191472,A1067,ER46/13/24
191475,A1067,ER46/13/27
191548,A1067,ER46/18/1
191555,A1067,ER46/19/1/2
191558,A1067,ER46/19/2/1
191563,A1067,ER46/19/5/2
191564,A1067,ER46/19/6
191258,A1067,ER46/2/1
191264,A1067,ER46/2/7
191277,A1067,ER46/3/10
191282,A1067,ER46/3/15
191283,A1067,ER46/3/16
191271,A1067,ER46/3/4
191272,A1067,ER46/3/5
191273,A1067,ER46/3/6
191275,A1067,ER46/3/8
191302,A1067,ER46/4/14
191304,A1067,ER46/4/16
191307,A1067,ER46/4/19
191308,A1067,ER46/4/20
191321,A1067,ER46/5/16
191325,A1067,ER46/5/20
192747,A1067,IC46/64/8/1
193012,A1067,IC46/99/5/1
193254,A1067,M46/1/5
193344,A1067,M46/10/4
193348,A1067,M46/17/2
193372,A1067,M46/21/14
193401,A1067,M46/26/2
193290,A1067,M46/9/21
193422,A1067,P46/10/33/14
193423,A1067,P46/10/33/17
193424,A1067,P46/10/33/19
193476,A1067,P46/153/4
193755,A1067,R46/1/3
193767,A1067,R46/3/2
193768,A1067,R46/3/3
193770,A1067,R46/3/5
193772,A1067,R46/3/7
193774,A1067,R46/3/9
194031,A1067,UN46/ESC/6
194036,A1067,UN46/GA/10/5
194043,A1067,UN46/GEN/2
194073,A1067,UN46/IT/1/1
194084,A1067,UN46/WC/1
194102,A1067,UN46/WC/15
194111,A1067,Z46/1/3
194173,A1068,A47/1/3/6
194362,A1068,A47/15/3
194379,A1068,A47/26/1
194388,A1068,A47/26/11
194149,A1068,A47/26/1A
194405,A1068,A47/26/30
409843,A1068,DL47/5/1A
409850,A1068,DL47/5/2A
194681,A1068,E47/15/12
194625,A1068,E47/15/5/1/10
194621,A1068,E47/15/5/1/6
194634,A1068,E47/15/5/2/10
194635,A1068,E47/15/5/2/11
194631,A1068,E47/15/5/2/6
194632,A1068,E47/15/5/2/7
194440,A1068,E47/3/5/13
194827,A1068,E47/30/1/3
194855,A1068,E47/34/1/1
194943,A1068,E47/39
194959,A1068,E47/41/3/2
195039,A1068,ER47/1/11
195040,A1068,ER47/1/12
195047,A1068,ER47/1/18A
195062,A1068,ER47/1/29
195065,A1068,ER47/1/32
195066,A1068,ER47/1/33
195067,A1068,ER47/1/34
195035,A1068,ER47/1/7
195036,A1068,ER47/1/8
195156,A1068,ER47/18/1
195083,A1068,ER47/3/18
195085,A1068,ER47/3/20
195089,A1068,ER47/3/24
195074,A1068,ER47/3/9
195215,A1068,ER47/31/13
195203,A1068,ER47/31/2
195234,A1068,ER47/31/22
195238,A1068,ER47/31/26
195243,A1068,ER47/31/31
195094,A1068,ER47/4/6
195287,A1068,ER47/45/2
195312,A1068,ER47/52/1
195315,A1068,ER47/52/4
195151,A1068,ER47/70/7
195133,A1068,ER47/8/1
195998,A1068,IC47/31/14
195999,A1068,IC47/31/15
196287,A1068,IC47/39/3
197162,A1068,M47/17/1/2
197298,A1068,M47/32/2/1
197024,A1068,M47/9/2/18
197321,A1068,P47/10/61/10
197611,A1068,R47/3/2
198061,A1068,UN47/GA/1
209808,A1068,X337
4006546,A10817,4
238214,A10847,1
4986020,A11099,1/1
4151641,A11443,1
3262977,A11536,18
4185374,A11536,3
3227606,A11537,13
3253471,A11537,14
3529283,A11537,2
3900109,A11782,1950/1
4780350,A11786,11
495566,A1209,1957/4928
529903,A1209,1957/5035
504945,A1209,1957/5684
504946,A1209,1957/5685 PART 1
504941,A1209,1957/5685 PART 3
504938,A1209,1957/5688 PART 1
705862,A1209,1960/1032
3043191,A1209,1960/469
781528,A1209,1961/794 PART 2
794401,A1209,1961/845
1328088,A1209,1963/6544 PART 2
1517614,A1209,1963/6637 PART 1
1517613,A1209,1963/6637 PART 2
1517611,A1209,1963/6637 PART 3
1517608,A1209,1963/6637 PART 4
1335337,A1209,1963/6651
1335474,A1209,1963/6682
1328060,A1209,1964/6040 PART 1
1160359,A1209,1964/6040 PART 2
1160247,A1209,1964/6040 PART 3
1160373,A1209,1964/6647 PART 4
1160364,A1209,1964/6647 PART 5
1160384,A1209,1964/6715
3055577,A1209,1965/6117
1160339,A1209,1965/6328
3055646,A1209,1965/6571
1160394,A1209,1965/6674 PART 1
1160391,A1209,1966/7358
3054150,A1209,1968/8538 PART 2
3053997,A1209,1969/9031 PART 1
3054003,A1209,1969/9031 PART 7
204719,A1608,AA19/1/1
205141,A1608,AA27/1/1
205144,A1608,AE27/1/1
205694,A1608,B33/1/2
206102,A1608,B41/1/1
206202,A1608,B41/1/6
206513,A1608,B45/2/1
206103,A1608,C41/1/1
206889,A1608,C51/1/10
205705,A1608,D33/1/5
206105,A1608,E41/1/1
206161,A1608,E41/1/3
206516,A1608,E45/2/1
205384,A1608,F27/2/3
206230,A1608,F41/1/8
206428,A1608,F45/1/8
138001,A1608,G59/1/4
205677,A1608,H33/1/1
205697,A1608,H33/1/2
206163,A1608,H41/1/3
206048,A1608,J39/2/1
206217,A1608,J41/1/7
205710,A1608,K33/1/5
205845,A1608,L37/1/5
206149,A1608,L41/1/2
206190,A1608,L41/1/5
206913,A1608,L52/1/1
206126,A1608,M41/1/1
206127,A1608,N41/1/1
206859,A1608,N51/1/6
206252,A1608,S41/1/9
206133,A1608,V41/1/1
205138,A1608,X27/1/1
205139,A1608,Y27/1/1
206135,A1608,Y41/1/1
140002,A1838,191/2/1
943617,A1838,2498/11 PART 1
552284,A1838,250/8/8
248085,A1838,270/1/1 PART 1
248086,A1838,270/1/1 PART 2
1725200,A1838,277/2
139807,A1838,29/2/1/5
247584,A1838,29/2/2/4/4
247585,A1838,29/2/2/4/5
247568,A1838,29/2/7
1501125,A1838,3006/10/4 PART 3
1501126,A1838,3006/10/4 PART 4
1501130,A1838,3006/10/4 PART 8
586494,A1838,3006/10/4/1 PART 2
1500683,A1838,3006/2/2 PART 3
589440,A1838,3006/4/7
1500824,A1838,3006/4/7 PART 1
1500833,A1838,3006/4/7 PART 10
1500836,A1838,3006/4/7 PART 13
1500837,A1838,3006/4/7 PART 14
1500838,A1838,3006/4/7 PART 18
1500840,A1838,3006/4/7 PART 20
1500841,A1838,3006/4/7 PART 21
1500843,A1838,3006/4/7 PART 23
1500846,A1838,3006/4/7 PART 29
1500848,A1838,3006/4/7 PART 31
1500850,A1838,3006/4/7 PART 33
1500854,A1838,3006/4/7 PART 37
1500856,A1838,3006/4/7 PART 39
1500827,A1838,3006/4/7 PART 4
1500828,A1838,3006/4/7 PART 5
1500829,A1838,3006/4/7 PART 6
1500830,A1838,3006/4/7 PART 7
1500831,A1838,3006/4/7 PART 8
1500832,A1838,3006/4/7 PART 9
1500913,A1838,3006/4/9 PART 12
1500916,A1838,3006/4/9 PART 15
1500920,A1838,3006/4/9 PART 19
1500903,A1838,3006/4/9 PART 2
1500925,A1838,3006/4/9 PART 24
1500904,A1838,3006/4/9 PART 3
1500931,A1838,3006/4/9 PART 30
1500906,A1838,3006/4/9 PART 5
1500907,A1838,3006/4/9 PART 6
1500908,A1838,3006/4/9 PART 7
1500910,A1838,3006/4/9 PART 9
552859,A1838,301/2/2
552871,A1838,301/2/3
583029,A1838,3024/2/1 PART 24
583271,A1838,3027/10/1 PART 2
583272,A1838,3027/10/1 PART 3
583297,A1838,3027/10/1/1
550151,A1838,3027/10/11/4
1505634,A1838,3027/11/51 PART 1
583143,A1838,3027/2/1 PART 10
583145,A1838,3027/2/1 PART 11
583147,A1838,3027/2/1 PART 12
583164,A1838,3027/2/1 PART 21
583165,A1838,3027/2/1 PART 22
583169,A1838,3027/2/1 PART 23
583171,A1838,3027/2/1 PART 24
583141,A1838,3027/2/1 PART 9
1505556,A1838,3027/9/1 PART 1
1505559,A1838,3027/9/1 PART 2
1505562,A1838,3027/9/1 PART 3
1505563,A1838,3027/9/1 PART 4
1505565,A1838,3027/9/1 PART 5
583388,A1838,3028/2/1 PART 3
550434,A1838,3034/10/1 PART 12
583731,A1838,3034/10/1 PART 14
583739,A1838,3034/10/1 PART 18
583755,A1838,3034/10/1 PART 24
583762,A1838,3034/10/1 PART 27
583784,A1838,3034/10/1/4 PART 2
583792,A1838,3034/10/1/4 PART 4
583796,A1838,3034/10/1/4 PART 5
583872,A1838,3034/10/11/7 PART 2
583891,A1838,3034/10/15 PART 7
1509377,A1838,3034/11/51 PART 2
583600,A1838,3034/2/1/8 PART 3
583675,A1838,3034/7/1 PART 5
583676,A1838,3034/7/1 PART 6
583683,A1838,3034/7/1/1 PART 1
583684,A1838,3034/7/1/1 PART 2
583718,A1838,3034/9/1 PART 2
550890,A1838,3036/14/1 PART 5
1509657,A1838,3036/14/1/6 PART 15
1887758,A1838,3107/33/14
586747,A1838,3107/33/4 PART 1
548523,A1838,3107/38/1
1730898,A1838,3107/38/18
1730901,A1838,3107/38/18/2
1511291,A1838,3107/40/104 PART 1
140667,A1838,3123/12
248179,A1838,3123/4/13
140887,A1838,3123/4/2
140892,A1838,3123/4/6
140893,A1838,3123/4/7
548409,A1838,3127/10/1/1
140045,A1838,324/1/2
549823,A1838,342/1
549843,A1838,343/1
560735,A1838,343/10
560869,A1838,344/1/1
550067,A1838,344/4
274948,A1838,344/5/1
550076,A1838,346/4/3
565756,A1838,348/2/4
550089,A1838,362/1/2
553033,A1838,371/3/1
561216,A1838,377/3/3/3
140067,A1838,381/1/3/1
550321,A1838,401/3/10/3
550454,A1838,403/2/3/8
140167,A1838,451/3/1/2
506527,A1838,453/10/1/2
11210094,A1838,479/10
364374,A1838,479/10/1
140222,A1838,479/2/1
551088,A1838,479/3/2/3
140237,A1838,480/2/10/9
446699,A1838,481/1
471010,A1838,481/1/2
581788,A1838,481/1/4
471013,A1838,481/23
140331,A1838,494/2/10
140405,A1838,535/4
551611,A1838,537/2A
140452,A1838,538/3
140461,A1838,539/1/1
277022,A1838,539/1/2
140463,A1838,539/2/1
553363,A1838,551/13/11 PART 8
1725934,A1838,680/10/2 PART 1
1725936,A1838,680/10/2 PART 2
1725937,A1838,680/10/2 PART 3
1725938,A1838,680/10/2 PART 4
1725939,A1838,680/10/2 PART 5
1725940,A1838,680/10/2 PART 6
1727608,A1838,689/1 PART 2
1727609,A1838,689/1 PART 3
1727611,A1838,689/1 PART 4
569275,A1838,701/2/6/7
569461,A1838,701/8/1/3
570197,A1838,703/2A
570210,A1838,703/5/5
635118,A1838,703/8
342633,A1838,708/13/8/1
572960,A1838,715/2/4/1
583376,A1838,719/10/6 PART 1
555695,A1838,719/10/6 PART 10
583382,A1838,719/10/6 PART 2
583385,A1838,719/10/6 PART 4
458629,A1838,720/1 PART 1
427508,A1838,720/1 PART 2
427510,A1838,720/1 PART 4
471019,A1838,720/1 PART 5
549298,A1838,720/4/9 PART 1
1761031,A1838,720/4/9 PART 12
549300,A1838,720/4/9 PART 2
549302,A1838,720/4/9 PART 3
549303,A1838,720/4/9 PART 4
549307,A1838,720/4/9 PART 6
549329,A1838,720/5/7 PART 3
1729674,A1838,778/5/4
430736,A1838,80/5/2 PART 1
587889,A1838,81/2/1
271898,A1838,81/3
584528,A1838,846/1 PART 1
11194740,A1838,85/1/2A
271936,A1838,85/4/3
271631,A1838,85/6
431771,A1838,851/12/1
587444,A1838,851/12/7/1
248159,A1838,851/18/3
587452,A1838,851/51/2
554031,A1838,852/10/4
587494,A1838,852/10/4/2/14
554284,A1838,852/11/6
565886,A1838,852/13/6
554524,A1838,852/19/1/1
587183,A1838,852/9/3
587628,A1838,854/10/14/5
471018,A1838,854/10/21
587542,A1838,854/10/3
1729706,A1838,854/10/4/2
587590,A1838,854/10/4/5
547271,A1838,854/12/1
547301,A1838,855/5/7
547313,A1838,855/6/3
566409,A1838,855/6/5/3
247409,A1838,856/10/1/4
547389,A1838,856/5/2
567960,A1838,860/5/1/1
139969,A1838,88/2
571690,A1838,899/1/5
1758802,A1838,899/3/18 PART 1
545674,A1838,909/8/2 PART 3
546047,A1838,915/8 PART 2
546337,A1838,919/10/5 PART 1
546361,A1838,919/10/5 PART 25
546339,A1838,919/10/5 PART 3
546367,A1838,919/10/5 PART 33
1373495,A1838,919/10/5 PART 35
1373499,A1838,919/10/5 PART 36
1373503,A1838,919/10/5 PART 37
1373509,A1838,919/10/5 PART 38
546373,A1838,919/10/5 PART 43
546374,A1838,919/10/5 PART 44
546341,A1838,919/10/5 PART 5
546379,A1838,919/10/5/1 PART 2
546395,A1838,919/12/1 PART 1
546396,A1838,919/12/1 PART 2
1726046,A1838,919/12/10 PART 1
546409,A1838,919/12/13 PART 1
546404,A1838,919/12/7 PART 1
546489,A1838,919/14/1 PART 1
546490,A1838,919/14/1 PART 2
546497,A1838,919/19 ANNEX
546498,A1838,919/19 PART 1
546499,A1838,919/20/2 PART 1
546183,A1838,919/3 PART 4
572706,A1838,923/4 PART 2
573592,A1838,929/4 PART 18
546777,A1838,935/17/3
546681,A1838,935/2 PART 20
546684,A1838,935/2/4
589237,A1838,935/2/5 PART 1
546781,A1838,936/1/3
580753,A1838,936/14/2 PART 2
1370828,A1838,936/20 PART 6
1370831,A1838,936/28/1/1
546809,A1838,936/3 PART 2
546811,A1838,936/3/1 PART 2
546820,A1838,936/3/15 PART 2
546822,A1838,936/3/15 PART 4
546830,A1838,936/3/19 PART 1
546814,A1838,936/3/8/1 PART 1
573510,A1838,936/4/11 PART 2
546847,A1838,936/4/13
574196,A1838,936/4/6
1730563,A1838,936/5
546858,A1838,936/5 PART 4
573552,A1838,936/6/10 PART 1
546863,A1838,936/6/5 PART 2
546867,A1838,936/6/9
573918,A1838,939/4 PART 1
271757,A1838,TS250/7/10
471021,A1838,TS3107/33/1/1
644752,A1838,TS45/1/4/5
649091,A1838,TS481/1/3
271999,A1838,TS532/11
841958,A1838,TS677/3 PART 2
1725941,A1838,TS680/10/2 PART 7
842033,A1838,TS680/10/3
842046,A1838,TS681/10 PART 3
842049,A1838,TS681/10 PART 6
842041,A1838,TS681/6 PART 6
1726025,A1838,TS682/21/1 PART 15
1726026,A1838,TS682/21/1 PART 16
1727130,A1838,TS687/9/2 PART 1
1727141,A1838,TS687/9/2 PART 2
1727616,A1838,TS689/2 PART 3
1727617,A1838,TS689/2 PART 4
644763,A1838,TS69/1/1
581690,A1838,TS69/1/3/5
842521,A1838,TS695/5/5
1729085,A1838,TS696/14 PART 1
1729121,A1838,TS696/17/1 PART 3
1729128,A1838,TS696/17/1 PART 4
6995540,A1838,TS696/6/8 PART 1
430735,A1838,TS78/7
842824,A1838,TS852/10/4/2
649670,A1838,TS852/19/1
842866,A1838,TS852/20/4/27
1730506,A1838,TS919/10/5 PART 1
1730533,A1838,TS919/10/5 PART 18
1730536,A1838,TS919/10/5 PART 19
1730507,A1838,TS919/10/5 PART 2
1730537,A1838,TS919/10/5 PART 20
1730539,A1838,TS919/10/5 PART 21
1730511,A1838,TS919/10/5 PART 5
1565457,A1945,146/1/14
1743552,A1945,16/3/7
1549426,A1945,162/4/4
699008,A1945,186/5/10
1565493,A1945,245/1/28
1835724,A1945,245/3/12
1340686,A1945,245/3/19
1897309,A1945,245/3/26
1363555,A1945,245/3/4
1363551,A1945,245/3/6
1363553,A1945,245/3/9
1565720,A1945,248/10/17
1829395,A1945,248/10/22
1862938,A1946,1968/710
1885894,A1946,1968/838
9019792,A2670,380/1943
8283024,A2671,114/1945
11279893,A2671,12/1939
7593585,A2671,130/1941
11330142,A2671,162/1940
7559110,A2671,217/1940
7559111,A2671,219/1940
7564964,A2671,23/1945
7559129,A2671,243/1940
7593764,A2671,334/1941
11203707,A2671,335/1941
11286985,A2671,34/1939
7569636,A2671,391/1943
11187031,A2671,404/1942
7569687,A2671,448/1943
11301840,A2671,496/1943
11325473,A2671,60/1942
7593905,A2671,88/1942
8283009,A2671,98/1945
31204399,A2679,22/1944
31204346,A2679,9/1943
31204589,A2680,134/1941
31425949,A2680,14/1942
31204595,A2680,140/1941
31204598,A2680,143/1941
31425963,A2680,30/1942
31425972,A2680,38/1942
31425973,A2680,39/1942
925051,A2684,904
925063,A2684,931
1484770,A2908,H28
1141239,A2908,M120 PART 4
1141241,A2908,M120 PART 6
1381319,A3092,221/3/3/1/3/1 PART 5
247276,A3094,217/6
1495786,A3095,37/3
1496061,A3095,45/10
702968,A3100,G48/36/2
235575,A3300,103
235483,A3300,11
235595,A3300,123
235485,A3300,13
235621,A3300,149
235488,A3300,16
235646,A3300,174
235490,A3300,18
235658,A3300,186
235683,A3300,211
235692,A3300,219
235695,A3300,222
235701,A3300,228
235706,A3300,233
235707,A3300,234
235730,A3300,257
235731,A3300,258
235734,A3300,261
235735,A3300,262
235499,A3300,27
235849,A3300,376A
235510,A3300,38
235512,A3300,40
235517,A3300,45
235518,A3300,46
235519,A3300,47
235539,A3300,67
235964,A3300,729
235545,A3300,73
235977,A3300,750
235983,A3300,789
236005,A3300,867
235481,A3300,9
235567,A3300,95
235568,A3300,96
235569,A3300,97
235570,A3300,98
236305,A3317,179/1946
236341,A3317,391/1946
236374,A3317,495/1946
394647,A3318,L1948/3/1/4/7
410477,A3318,L1948/3/18
394284,A3318,L1948/3/2
394368,A3318,L1948/3/2/1/11
410493,A3318,L1948/3/21 PART 2
410417,A3318,L1948/3/3/1/5
428822,A3318,L1948/3/3/3/10/1
410452,A3318,L1948/3/3/3/5
236421,A3318,L1949/3/1/22
414193,A3318,L1949/3/1/23
414241,A3318,L1949/3/2/26
237671,A4144,609/1943
237733,A4145,RC2
237747,A4148,1
237750,A4149,2
466998,A4311,6
238293,A4355,7/1/1
238314,A4355,7/2/5
238374,A4357,48/260/3
739165,A4387,A/46/1A
739100,A4387,A/46/30
739160,A4387,A/46/45
739276,A4387,A/48/19E
3541998,A452,1964/3516
4151912,A452,1965/3192
3112512,A452,1965/3353
12031697,A452,1965/5939
3125701,A452,1965/6640
12030514,A452,1966/1445
12038023,A452,1966/2270
12030516,A452,1966/2475
4025542,A452,1966/2760
11345517,A452,1966/2960
12030524,A452,1966/3850
12030556,A452,1966/3928
32756524,A452,1966/4175
12030527,A452,1966/4775 PART 1
3125687,A452,1966/4989
12030517,A452,1966/5530 PART 1
32756626,A452,1966/5605
12030526,A452,1966/6372
3111097,A452,1966/842
12041601,A452,1967/1347
3111643,A452,1967/1700
3111707,A452,1967/2735
4780025,A452,1967/3032
3111684,A452,1967/3676
3117301,A452,1967/4460
4027870,A452,1967/5895
4027872,A452,1967/7354
3111874,A452,1967/8076
4027860,A452,1968/1922
3125736,A452,1968/2441 PART 2
3117906,A452,1968/3943
3112099,A452,1968/4161
3125761,A452,1968/4163
4027881,A452,1968/5429
5036516,A452,1968/5430
4027884,A452,1968/5901
11340888,A452,1969/1135
4806074,A452,1969/222
3118036,A452,1969/2604
3118054,A452,1969/2608
3118091,A452,1969/2889
3118115,A452,1969/3330
32756763,A452,1969/3367
3118261,A452,1969/3433
3118271,A452,1969/3605
3118292,A452,1969/3856
3118294,A452,1969/3881
32756819,A452,1969/3921
32756829,A452,1969/3988
3118301,A452,1969/4001
4806076,A452,1969/4146
5036898,A452,1969/4189
3118337,A452,1969/4331
32756962,A452,1969/4921
3120417,A452,1969/5256
3121841,A452,1969/5484
3121851,A452,1969/5529
3125870,A452,1970/1690
31698758,A452,1970/4519
31698759,A452,1970/4520
31698760,A452,1970/4521
3121863,A452,1970/460
11340886,A452,1971/2197
699472,A4534,48/2
1495845,A461,A348/1/15
97698,A461,A703/1/2
95254,A461,B348/1/17
92242,A461,D314/1/8
1034205,A461,D350/1/4
97701,A461,D703/1/2
96360,A461,E373/1/3
95103,A461,J345/1/3
97723,A461,K703/1/4
303040,A462,604/10
238607,A4764,1
238609,A4764,2
238611,A4764,3
238608,A4764,4
5169166,A4764,5
5169167,A4764,6
209115,A4906,VOLUME 5
209116,A4906,VOLUME 6
238642,A4907,1
428852,A4926,VOLUME 24
428854,A4926,VOLUME 26
428857,A4926,VOLUME 29
303365,A4926,VOLUME 8
539564,A4940,C1433
1340593,A4940,C1724 PART 2
1334922,A4940,C23
538322,A4940,C230
1342340,A4940,C2609
1055966,A4940,C3287
1343605,A4940,C3348
1343637,A4940,C3389
1344506,A4940,C3725
1338483,A4940,C3739
1344738,A4940,C3797
1338481,A4940,C3811
1338484,A4940,C3904
1345374,A4940,C4024
1345377,A4940,C4025
1345552,A4940,C4142
1345749,A4940,C4235
1345813,A4940,C4266
1345967,A4940,C4370
1346178,A4940,C4491
3340195,A5019,1/1
102428,A518,103/3/3
102430,A518,103/4/1
466463,A5462,138/2/10
3196097,A5619,C855
11210693,A571,1945/244
658723,A571,1958/677
1806744,A5841,262
1807074,A5841,349
1807541,A5841,387
1807720,A5841,419
1807957,A5841,432
1807983,A5841,453
1858753,A5842,187
1857605,A5842,36
1862635,A5842,364
1862742,A5842,401
1865359,A5842,440
3067611,A5868,11
3068325,A5868,168
3068575,A5868,234
3068609,A5868,242
3069205,A5868,274
3324232,A5868,449
3324759,A5868,577
3067653,A5868,59
3325121,A5868,655
3325302,A5869,41
3325195,A5869,5
3159956,A5882,CO32 PART 2
4939261,A5908,554
446179,A5954,1384/2
510526,A5954,1385/3
521500,A5954,1473/4
655651,A5954,1628/3
655655,A5954,1628/5
240000,A5954,1641/1
703263,A5954,1643/5
454834,A5954,1677/2
240033,A5954,1699/1
666860,A5954,1790/3
332049,A5954,1795/1
332069,A5954,1795/3
478608,A5954,1828/3
240095,A5954,1850/1
657435,A5954,1902/1
735282,A5954,2342/3
240170,A5954,7/5
644359,A5954,78/3
507402,A5954,848/1
136859,A609,552/69/1
1943567,A6364,JA1962/11
1942970,A6364,JA1963/01
1962755,A6364,JA1965/07
1941080,A6364,JA1966/04
1941061,A6364,JA1966/07
12055859,A6364,KL1963/07
12098847,A6364,KL1965/10
12102055,A6364,KL1966/04
12102056,A6364,KL1966/06
3317168,A6366,JA1965/04T
12155872,A6366,KL1966/06T
278965,A6537,SEATS 1
396900,A6537,SEATS 3A
396979,A6537,SEATS 4/1
1688909,A6706,35
1345848,A6706,61
694890,A6712,3
651255,A6712,4 COPY 1
651256,A6712,4 COPY 2
3001619,A6768,EATS 77 ANNEX A
171826,A816,102/301/19
169904,A816,11/301/385
651681,A816,11/301/942
169971,A816,11/302/9
169999,A816,14/301/110
170024,A816,14/301/223A
523923,A816,14/301/321
171834,A816,146/301/3
170202,A816,19/301/1030
170175,A816,19/301/587
170185,A816,19/301/820A
170234,A816,19/304/275
170268,A816,19/304/431
170315,A816,19/307/77
170323,A816,19/311/74
3076301,A816,3/301/621
170637,A816,31/301/301
170642,A816,31/301/336
169724,A816,4/301/43
171294,A816,52/301/222
171295,A816,52/301/223
171391,A816,52/302/142
171392,A816,52/302/143
171446,A816,56/301/13
171448,A816,56/301/21
8889005,A9420,4
8889006,A9420,5
3040663,A9735,205/10 PART 2
12054584,A9735,221/5/5/4/2 PART 2
3040637,A9735,225/5 PART 1
3040651,A9735,TS225/5
1158278,A981,WAR 42
1158601,A981,WAR 54
182752,A981,WAR 64
182759,A981,WAR 72
1347208,A9879,2911
1347967,A9879,3350/902
11244644,A989,1943/735/1021
11288329,A989,1944/630/5/1/11/5
12082260,A989,1944/735/1007/1
11231346,A989,1944/735/56/7
12082258,A989,1944/735/850
257496,CP290/9,11
243028,CP4/3,9
242419,M100,APRIL 1940
242443,M100,APRIL 1942
242455,M100,APRIL 1943
242479,M100,APRIL 1945
242423,M100,AUGUST 1940
242435,M100,AUGUST 1941
242447,M100,AUGUST 1942
242459,M100,AUGUST 1943
242471,M100,AUGUST 1944
242483,M100,AUGUST 1945
242427,M100,DECEMBER 1940
242439,M100,DECEMBER 1941
242463,M100,DECEMBER 1943
242417,M100,FEBRUARY 1940
242429,M100,FEBRUARY 1941
242441,M100,FEBRUARY 1942
242416,M100,JANUARY 1940
242428,M100,JANUARY 1941
242452,M100,JANUARY 1943
242446,M100,JULY 1942
242458,M100,JULY 1943
242470,M100,JULY 1944
242482,M100,JULY 1945
242445,M100,JUNE 1942
242457,M100,JUNE 1943
242430,M100,MARCH 1941
242442,M100,MARCH 1942
242466,M100,MARCH 1944
242420,M100,MAY 1940
242432,M100,MAY 1941
242444,M100,MAY 1942
242456,M100,MAY 1943
242468,M100,MAY 1944
242414,M100,NOVEMBER 1939
242438,M100,NOVEMBER 1941
242450,M100,NOVEMBER 1942
242462,M100,NOVEMBER 1943
242413,M100,OCTOBER 1939
242425,M100,OCTOBER 1940
242449,M100,OCTOBER 1942
242461,M100,OCTOBER 1943
242412,M100,SEPTEMBER 1939
242448,M100,SEPTEMBER 1942
242460,M100,SEPTEMBER 1943
242514,M104,10
12095885,M1866,4
4025428,M3787,14
523895,M448,1
523977,M448,127
523978,M448,128
523994,M448,137
8811161,NA1983/239,11/2
8811106,NA1983/239,48/2
